Contact: ID,Contact: First Name,Contact: Middle Name,Contact: Last Name,Contact: Date of Birth,Contact: Assigned,Contact: Phone Number
1,Frank,Marie,Smith,04/04/2009,Individual Contributor,504523377
2,Evelyn,Thomas,Taylor,09/12/2010,Aaron Artsen,195730020
3,Frank,J.,Davis,12/31/2009,Gabe Michel,930095284
4,Evelyn,Thomas,Martin,04/25/2012,Tim Mint,999124133
5,Alan,E.,Martin,01/01/2023,Gabe Michel,244017546
6,Bethany,E.,Smith,01/28/2022,Individual Contributor,458778761
7,Derek,T.,Martin,04/01/2016,Tim Mint,855428027
8,Chris,E.,Davis,03/30/2015,Gabe Michel,642555733
9,Chris,Marie,Smith,01/24/2007,Individual Contributor,933602656
10,Bethany,J.,Donald,10/29/2019,Aaron Artsen,832419189
11,Frank,James,Donald,01/22/2010,Gabe Michel,109732727
12,Evelyn,T.,Martin,02/12/2006,Bond Liver,679669927
13,Hannah,M.,Taylor,06/03/2022,Individual Contributor,187906057
14,Evelyn,James,Taylor,03/03/2011,Individual Contributor,915495850
15,George,T.,Brown,11/26/2018,Individual Contributor,108600554
16,Irene,T.,Smith,06/02/2011,Tim Mint,142726971
17,Frank,Marie,Johnson,04/20/2020,Gabe Michel,203684278
18,Frank,Marie,Davis,11/27/2011,Aaron Artsen,863425427
19,Jake,Thomas,Johnson,10/02/2012,Individual Contributor,332926718
20,Evelyn,M.,Smith,04/15/2006,Bond Liver,736490541
21,Jake,J.,Davis,08/09/2009,Tim Mint,215634223
22,Bethany,Marie,Davis,06/08/2016,Gabe Michel,780877918
23,Frank,Elizabeth,Donald,04/20/2008,Individual Contributor,652513216
24,Hannah,T.,White,08/13/2008,Bond Liver,330046553
25,Hannah,James,Smith,11/18/2024,Aaron Artsen,161167041
26,Chris,M.,White,06/05/2024,Individual Contributor,231714232
27,Irene,E.,Taylor,06/27/2021,Tim Mint,881131226
28,Irene,Thomas,Johnson,10/29/2021,Gabe Michel,832440364
29,Hannah,Elizabeth,Martin,09/08/2005,Gabe Michel,745614862
30,Bethany,J.,Martin,03/02/2005,Gabe Michel,649559919
31,Irene,T.,White,03/28/2020,Bond Liver,525461264
32,Bethany,M.,Johnson,08/31/2008,Gabe Michel,943110152
33,Jake,James,Johnson,12/18/2020,Gabe Michel,517028772
34,Frank,Thomas,Taylor,02/10/2020,Bond Liver,804885500
35,Alan,M.,Smith,11/21/2007,Gabe Michel,311668565
36,Bethany,E.,Smith,04/05/2006,Aaron Artsen,648165615
37,Frank,Elizabeth,Donald,08/11/2011,Tim Mint,887914968
38,Frank,T.,Johnson,06/22/2018,Aaron Artsen,431860747
39,Jake,Thomas,Davis,01/07/2005,Gabe Michel,677698685
40,Irene,James,Davis,01/24/2018,Gabe Michel,390481143
41,Hannah,E.,Brown,02/04/2015,Individual Contributor,647351202
42,Bethany,James,White,07/14/2017,Gabe Michel,300841161
43,Derek,Thomas,Davis,05/22/2013,Individual Contributor,529024451
44,George,E.,Donald,11/13/2022,Gabe Michel,311032618
45,Hannah,T.,Donald,05/12/2010,Aaron Artsen,672618708
46,Alan,Marie,Smith,09/26/2018,Aaron Artsen,744971738
47,Frank,T.,Brown,07/13/2005,Aaron Artsen,258224538
48,Irene,Marie,Davis,12/02/2015,Individual Contributor,587671988
49,Alan,T.,Martin,04/12/2006,Tim Mint,811429632
50,Chris,E.,Donald,12/28/2016,Tim Mint,199757595
51,Chris,Elizabeth,Donald,10/04/2006,Aaron Artsen,768500664
52,Alan,E.,Donald,07/16/2021,Bond Liver,986094208
53,Irene,M.,Martin,01/07/2019,Individual Contributor,843038144
54,Frank,Marie,Martin,12/17/2009,Gabe Michel,695298700
55,George,James,Donald,05/12/2023,Gabe Michel,173829027
56,Frank,James,Donald,02/04/2020,Gabe Michel,457487448
57,Alan,Elizabeth,White,08/05/2015,Aaron Artsen,590584762
58,Bethany,M.,Donald,08/29/2015,Individual Contributor,308705993
59,Bethany,Elizabeth,Donald,06/26/2010,Individual Contributor,444347041
60,Irene,James,Martin,09/19/2005,Individual Contributor,499618231
61,Jake,James,Donald,10/09/2010,Aaron Artsen,812512148
62,Alan,J.,Smith,09/10/2019,Gabe Michel,265836162
63,George,James,Martin,01/30/2009,Individual Contributor,178935052
64,Derek,E.,Brown,09/02/2019,Aaron Artsen,945516645
65,George,Thomas,Brown,12/22/2011,Bond Liver,909775701
66,Bethany,Elizabeth,Smith,08/13/2008,Gabe Michel,986665329
67,George,E.,Johnson,09/14/2007,Aaron Artsen,219980733
68,George,Marie,White,01/03/2010,Gabe Michel,716745355
69,Alan,J.,Taylor,05/06/2005,Gabe Michel,883510443
70,Alan,E.,Taylor,07/23/2021,Bond Liver,414077322
71,Alan,M.,White,06/06/2022,Gabe Michel,463398130
72,Irene,J.,Taylor,08/24/2021,Tim Mint,656649386
73,Alan,M.,Smith,08/16/2014,Individual Contributor,996713105
74,Derek,T.,Smith,10/16/2019,Gabe Michel,515891170
75,Jake,J.,Taylor,09/24/2023,Aaron Artsen,733892180
76,Alan,T.,White,11/29/2013,Gabe Michel,133103334
77,Derek,E.,Smith,08/03/2012,Bond Liver,117642200
78,George,James,Taylor,05/12/2009,Gabe Michel,480477871
79,Derek,James,Davis,07/29/2022,Tim Mint,462979533
80,Irene,M.,Davis,09/09/2020,Gabe Michel,918260113
81,Evelyn,J.,Smith,12/23/2010,Individual Contributor,766092488
82,Alan,M.,Johnson,01/05/2021,Bond Liver,363273530
83,Evelyn,T.,Donald,04/08/2010,Tim Mint,701716425
84,Hannah,T.,Donald,10/29/2013,Gabe Michel,148558167
85,Hannah,M.,White,05/22/2014,Aaron Artsen,772514409
86,Frank,E.,Taylor,04/23/2005,Gabe Michel,780339339
87,Irene,T.,White,04/05/2020,Bond Liver,738149607
88,Irene,Thomas,Martin,02/21/2009,Gabe Michel,883441080
89,Bethany,J.,White,07/25/2012,Tim Mint,269263074
90,Frank,Thomas,Taylor,02/25/2014,Gabe Michel,716809364
91,Alan,M.,Smith,08/28/2016,Tim Mint,903926255
92,Evelyn,Marie,Taylor,09/08/2014,Aaron Artsen,552592516
93,Derek,T.,Davis,10/10/2024,Gabe Michel,925652519
94,Jake,Marie,Martin,08/30/2009,Gabe Michel,445595610
95,Alan,Marie,White,07/24/2023,Bond Liver,764606099
96,Jake,Thomas,Johnson,06/27/2015,Tim Mint,529200199
97,Irene,Marie,Davis,11/26/2007,Gabe Michel,853325541
98,Irene,Marie,Martin,03/30/2017,Aaron Artsen,283850873
99,Bethany,Elizabeth,Taylor,04/01/2010,Tim Mint,554972947
100,Chris,E.,Davis,12/04/2015,Individual Contributor,322887027
101,Bethany,M.,Johnson,12/21/2014,Gabe Michel,966585896
102,Hannah,Marie,Johnson,08/30/2008,Gabe Michel,868263672
103,George,Thomas,White,02/21/2022,Individual Contributor,409154044
104,Jake,Elizabeth,Davis,12/23/2008,Tim Mint,282530521
105,Bethany,E.,Martin,11/04/2007,Individual Contributor,340352047
106,Frank,Thomas,Johnson,09/25/2010,Aaron Artsen,694875939
107,Derek,T.,Donald,04/06/2024,Bond Liver,644453667
108,George,Thomas,Davis,04/28/2016,Aaron Artsen,355940138
109,Alan,T.,White,06/05/2020,Gabe Michel,177157963
110,Bethany,Elizabeth,Donald,03/10/2011,Individual Contributor,446200494
111,Bethany,Elizabeth,Martin,02/07/2020,Individual Contributor,321054519
112,Irene,Elizabeth,Davis,10/08/2014,Tim Mint,486493696
113,Hannah,Marie,Brown,10/14/2019,Individual Contributor,793755467
114,Irene,Marie,White,10/15/2006,Gabe Michel,619489426
115,Evelyn,Elizabeth,Johnson,07/30/2019,Tim Mint,407399844
116,Evelyn,T.,Martin,11/18/2013,Individual Contributor,685844010
117,Evelyn,Marie,Donald,04/18/2007,Individual Contributor,410407066
118,Bethany,James,Donald,05/18/2005,Gabe Michel,907765416
119,Irene,T.,Smith,08/20/2013,Aaron Artsen,957458144
120,George,Elizabeth,Davis,02/27/2010,Individual Contributor,286974114
121,Jake,Marie,Davis,01/13/2018,Aaron Artsen,236080483
122,Evelyn,E.,Donald,09/29/2016,Bond Liver,862894256
123,Bethany,M.,Johnson,05/13/2024,Aaron Artsen,699175445
124,Irene,E.,Davis,05/10/2017,Individual Contributor,437901930
125,Jake,M.,Taylor,06/01/2009,Gabe Michel,819181250
126,Derek,Elizabeth,Donald,06/29/2008,Tim Mint,346058207
127,Chris,Elizabeth,Donald,06/03/2015,Aaron Artsen,520194797
128,Bethany,M.,Johnson,05/30/2009,Gabe Michel,200365373
129,Irene,E.,Davis,04/02/2019,Individual Contributor,703129331
130,Derek,E.,Martin,01/05/2014,Individual Contributor,413215296
131,Frank,Elizabeth,Martin,03/14/2006,Individual Contributor,114236470
132,Alan,James,Johnson,10/17/2024,Gabe Michel,406670100
133,Bethany,T.,Taylor,12/01/2021,Gabe Michel,966577852
134,Irene,Thomas,Brown,05/08/2009,Gabe Michel,775445503
135,George,Marie,Davis,12/16/2018,Bond Liver,369547543
136,Bethany,T.,Donald,09/01/2010,Aaron Artsen,938686845
137,Chris,E.,Donald,09/08/2018,Tim Mint,238584595
138,Chris,J.,Brown,07/30/2009,Aaron Artsen,587976665
139,Evelyn,E.,Taylor,08/10/2021,Gabe Michel,216623652
140,Evelyn,James,Martin,07/01/2006,Individual Contributor,766919980
141,Evelyn,J.,Davis,09/10/2009,Bond Liver,175207656
142,Evelyn,E.,Davis,01/25/2020,Individual Contributor,802812957
143,Jake,T.,Taylor,11/23/2009,Gabe Michel,723852017
144,Irene,Elizabeth,Davis,03/20/2021,Gabe Michel,919815786
145,Hannah,M.,Johnson,02/08/2009,Gabe Michel,595942889
146,George,Marie,White,11/19/2006,Tim Mint,625149193
147,Derek,E.,Martin,12/13/2006,Aaron Artsen,842893227
148,Evelyn,E.,White,09/10/2021,Gabe Michel,972100037
149,Alan,M.,Brown,04/04/2005,Gabe Michel,678274571
150,Bethany,J.,Johnson,02/05/2023,Aaron Artsen,666820814
151,Alan,E.,Smith,07/15/2012,Tim Mint,792670869
152,Hannah,J.,Martin,11/25/2019,Tim Mint,322021142
153,George,J.,Taylor,09/19/2015,Individual Contributor,219905883
154,Bethany,Marie,Johnson,09/10/2007,Gabe Michel,819158297
155,Evelyn,Thomas,Davis,02/06/2011,Bond Liver,511380106
156,Irene,J.,White,10/04/2010,Individual Contributor,819843023
157,Derek,T.,Martin,01/12/2020,Aaron Artsen,680631769
158,Jake,M.,Johnson,12/15/2023,Aaron Artsen,408969926
159,Alan,T.,Taylor,12/14/2017,Tim Mint,430771602
160,Irene,M.,Taylor,06/28/2014,Aaron Artsen,839914954
161,Hannah,James,Johnson,12/13/2016,Gabe Michel,207440724
162,George,J.,Donald,03/31/2014,Individual Contributor,136939506
163,Chris,Thomas,Johnson,10/07/2012,Individual Contributor,830196047
164,Irene,J.,White,08/27/2022,Aaron Artsen,707184143
165,Alan,J.,Taylor,09/14/2015,Bond Liver,609397792
166,Hannah,Elizabeth,Smith,01/25/2020,Aaron Artsen,540049338
167,Irene,J.,White,02/19/2019,Aaron Artsen,181172934
168,George,Marie,White,04/05/2013,Gabe Michel,842348401
169,George,Marie,White,01/07/2023,Aaron Artsen,286587244
170,Bethany,M.,Martin,10/02/2013,Gabe Michel,143118022
171,Derek,J.,Davis,04/29/2013,Gabe Michel,571781862
172,Frank,Elizabeth,Davis,10/30/2016,Gabe Michel,477748333
173,Jake,M.,Smith,03/15/2022,Gabe Michel,678299720
174,George,Elizabeth,Martin,05/24/2022,Individual Contributor,725977077
175,Chris,Thomas,Taylor,05/25/2013,Tim Mint,171931375
176,Chris,T.,Martin,02/10/2020,Gabe Michel,890349273
177,Jake,Marie,Donald,05/31/2012,Gabe Michel,264543808
178,Chris,E.,Brown,09/30/2015,Gabe Michel,724768373
179,Hannah,James,White,11/29/2022,Individual Contributor,608954984
180,Bethany,J.,Johnson,12/28/2013,Gabe Michel,941799092
181,George,T.,White,10/18/2009,Tim Mint,414604593
182,Irene,E.,White,08/04/2014,Individual Contributor,647929199
183,Hannah,T.,Davis,04/19/2010,Bond Liver,924205350
184,Frank,M.,Taylor,07/24/2018,Individual Contributor,362556308
185,Alan,Marie,Smith,12/31/2020,Tim Mint,253040280
186,George,E.,White,11/16/2023,Bond Liver,254008876
187,Chris,T.,Smith,02/24/2008,Aaron Artsen,206777816
188,George,Elizabeth,White,09/27/2012,Gabe Michel,150450826
189,Alan,Marie,Taylor,04/16/2008,Gabe Michel,223563532
190,Frank,Elizabeth,Brown,06/06/2009,Gabe Michel,425399449
191,Evelyn,M.,White,11/04/2014,Tim Mint,463545524
192,Derek,Elizabeth,Martin,09/03/2005,Aaron Artsen,687275989
193,Derek,T.,Martin,09/17/2009,Gabe Michel,554891727
194,Hannah,Thomas,Taylor,02/21/2006,Gabe Michel,976756883
195,Evelyn,Elizabeth,Smith,12/24/2023,Aaron Artsen,978983476
196,George,T.,Smith,06/17/2021,Bond Liver,902570236
197,Alan,M.,Taylor,09/30/2011,Tim Mint,602891431
198,Alan,James,Johnson,06/16/2024,Tim Mint,304320357
199,Frank,Thomas,Donald,10/13/2020,Aaron Artsen,857591611
200,Alan,J.,Brown,09/21/2018,Tim Mint,179357267
201,Alan,James,Smith,12/07/2020,Bond Liver,219816309
202,Bethany,Marie,Smith,10/25/2013,Aaron Artsen,726181333
203,Frank,M.,Donald,07/29/2011,Gabe Michel,129561213
204,Hannah,J.,Martin,05/16/2023,Tim Mint,312845224
205,Derek,Marie,Johnson,03/27/2006,Gabe Michel,976420237
206,Derek,T.,Johnson,01/06/2020,Bond Liver,312157683
207,Chris,T.,Smith,04/29/2013,Gabe Michel,466145252
208,Hannah,E.,Brown,01/14/2008,Tim Mint,627654252
209,Alan,Elizabeth,Smith,10/03/2020,Aaron Artsen,684699082
210,Irene,James,Davis,07/14/2018,Gabe Michel,306943350
211,George,James,Taylor,02/04/2017,Gabe Michel,569690793
212,Derek,Elizabeth,Brown,09/22/2007,Individual Contributor,724787462
213,Bethany,Elizabeth,Brown,10/04/2011,Gabe Michel,657603031
214,Derek,Elizabeth,Martin,11/22/2024,Individual Contributor,117297827
215,Evelyn,E.,Johnson,03/14/2006,Tim Mint,948604668
216,Chris,Marie,Davis,12/12/2024,Gabe Michel,776852151
217,Bethany,Thomas,Smith,11/26/2022,Gabe Michel,876422187
218,Jake,Thomas,Brown,05/20/2017,Gabe Michel,889639717
219,Bethany,E.,Smith,03/23/2014,Bond Liver,699620488
220,Irene,Elizabeth,Taylor,06/02/2005,Gabe Michel,291800949
221,Jake,J.,Smith,10/13/2009,Bond Liver,272323948
222,Hannah,Elizabeth,Davis,08/02/2015,Individual Contributor,472170263
223,Frank,E.,Davis,01/01/2007,Aaron Artsen,757604890
224,Irene,Elizabeth,Johnson,12/06/2024,Gabe Michel,966460184
225,Irene,M.,Johnson,11/04/2010,Tim Mint,400371875
226,Chris,T.,Martin,08/09/2010,Individual Contributor,992238688
227,Bethany,J.,Taylor,09/11/2023,Tim Mint,777995967
228,Hannah,James,Smith,02/07/2024,Individual Contributor,129012178
229,Evelyn,T.,Davis,05/12/2020,Bond Liver,353183456
230,Frank,Marie,Smith,08/03/2019,Aaron Artsen,618470368
231,Jake,J.,Johnson,01/21/2010,Gabe Michel,730844243
232,Chris,M.,Brown,10/18/2007,Bond Liver,673634785
233,Frank,Elizabeth,Donald,07/13/2011,Individual Contributor,535137869
234,Hannah,E.,Davis,03/26/2015,Individual Contributor,759667804
235,Chris,James,Donald,07/22/2023,Aaron Artsen,647353526
236,Irene,Marie,Johnson,04/14/2007,Aaron Artsen,464233041
237,Irene,Thomas,Donald,04/12/2019,Aaron Artsen,892908720
238,Hannah,Marie,Johnson,03/07/2011,Bond Liver,530615502
239,George,T.,White,09/06/2023,Individual Contributor,112006591
240,Evelyn,T.,Johnson,09/16/2007,Individual Contributor,528098172
241,Derek,James,Brown,02/26/2015,Bond Liver,169133085
242,Frank,T.,Johnson,01/07/2023,Bond Liver,783622051
243,Hannah,J.,Donald,05/30/2017,Individual Contributor,673485315
244,Frank,Thomas,Davis,01/07/2023,Gabe Michel,715681194
245,Chris,Elizabeth,Martin,12/13/2006,Tim Mint,482709334
246,Alan,E.,Martin,10/16/2015,Gabe Michel,551950711
247,Alan,M.,Brown,11/18/2019,Gabe Michel,303218249
248,Bethany,E.,Davis,11/01/2013,Gabe Michel,987736626
249,George,Elizabeth,Davis,02/25/2015,Tim Mint,248759074
250,Hannah,J.,White,04/24/2022,Individual Contributor,642405648
251,Jake,Thomas,Davis,02/12/2023,Gabe Michel,572312905
252,Frank,Elizabeth,Brown,03/04/2007,Gabe Michel,992978821
253,Irene,Thomas,Donald,10/13/2011,Aaron Artsen,631601284
254,Irene,Thomas,Martin,04/07/2016,Aaron Artsen,734362170
255,Bethany,E.,Davis,06/13/2020,Individual Contributor,583510407
256,Bethany,J.,Smith,08/05/2019,Bond Liver,351526259
257,Irene,Elizabeth,Taylor,03/31/2009,Tim Mint,419156794
258,George,Elizabeth,White,10/28/2020,Gabe Michel,259123028
259,Alan,M.,Martin,10/17/2008,Tim Mint,795841168
260,Evelyn,M.,Martin,02/12/2019,Gabe Michel,412993296
261,Chris,J.,Brown,01/08/2011,Bond Liver,344008444
262,Bethany,M.,Taylor,07/08/2020,Gabe Michel,343585491
263,Jake,Thomas,Martin,10/26/2015,Bond Liver,689425897
264,Hannah,T.,Smith,04/24/2013,Bond Liver,177103194
265,Irene,Elizabeth,Davis,02/16/2021,Aaron Artsen,547557499
266,Alan,Elizabeth,Taylor,10/21/2012,Aaron Artsen,616834741
267,George,M.,Johnson,03/20/2024,Aaron Artsen,106823781
268,Hannah,E.,Martin,03/15/2014,Bond Liver,803651213
269,Alan,Thomas,Smith,12/17/2016,Gabe Michel,125247847
270,Evelyn,Thomas,Brown,12/21/2019,Gabe Michel,811448110
271,Jake,J.,Smith,05/27/2012,Gabe Michel,496257458
272,Evelyn,Marie,Johnson,02/11/2007,Tim Mint,714727223
273,Bethany,Thomas,Donald,10/02/2006,Bond Liver,529866143
274,Chris,Thomas,Smith,09/03/2011,Tim Mint,687441849
275,Hannah,T.,Davis,04/25/2023,Gabe Michel,537281745
276,Jake,James,Taylor,06/02/2008,Individual Contributor,381375122
277,Hannah,T.,Martin,09/02/2005,Bond Liver,526556889
278,George,Thomas,Martin,03/12/2009,Tim Mint,613941402
279,Chris,M.,Davis,04/06/2023,Bond Liver,967658186
280,Chris,Marie,Martin,07/22/2011,Aaron Artsen,990447166
281,Irene,James,Taylor,09/12/2018,Individual Contributor,779620898
282,Irene,J.,Johnson,08/03/2008,Bond Liver,764785791
283,Evelyn,Elizabeth,Smith,11/19/2016,Tim Mint,795995881
284,Chris,E.,Johnson,06/16/2020,Gabe Michel,635012542
285,Chris,T.,White,07/29/2017,Gabe Michel,467255961
286,Frank,James,Davis,08/08/2008,Bond Liver,538227731
287,Evelyn,Elizabeth,White,10/24/2009,Aaron Artsen,783138828
288,George,J.,Johnson,08/11/2014,Individual Contributor,256698879
289,Derek,Elizabeth,Donald,04/18/2007,Aaron Artsen,460707546
290,Bethany,E.,Johnson,08/19/2015,Gabe Michel,594126810
291,Bethany,T.,Brown,05/10/2018,Gabe Michel,644091717
292,George,Marie,Davis,11/17/2014,Individual Contributor,904518488
293,Bethany,Thomas,Donald,11/25/2009,Tim Mint,455846706
294,Derek,M.,Davis,12/01/2019,Tim Mint,984401201
295,Hannah,T.,Johnson,01/18/2022,Individual Contributor,465682672
296,Evelyn,Thomas,Donald,01/05/2009,Bond Liver,495130729
297,Bethany,T.,Taylor,08/25/2016,Tim Mint,709980908
298,Chris,E.,Taylor,09/01/2009,Aaron Artsen,185763296
299,Hannah,E.,Smith,08/26/2005,Aaron Artsen,934295405
300,Bethany,Marie,Martin,09/21/2008,Gabe Michel,603911563
301,Alan,E.,White,05/05/2019,Bond Liver,100843142
302,Jake,Elizabeth,White,10/29/2022,Gabe Michel,828408374
303,Evelyn,Marie,Taylor,06/13/2014,Gabe Michel,412915588
304,George,E.,Donald,08/31/2017,Aaron Artsen,449101478
305,Irene,James,Brown,09/22/2023,Tim Mint,197103042
306,Bethany,T.,Taylor,05/03/2022,Aaron Artsen,157975327
307,Irene,Elizabeth,Taylor,07/18/2023,Bond Liver,236825336
308,Hannah,E.,Smith,08/14/2013,Gabe Michel,209338151
309,Jake,James,Davis,06/05/2013,Individual Contributor,173004725
310,George,Elizabeth,White,12/23/2013,Bond Liver,680824109
311,Irene,James,Davis,03/24/2017,Bond Liver,795580562
312,Derek,M.,Davis,07/09/2024,Aaron Artsen,370137734
313,Irene,Marie,Brown,10/01/2019,Gabe Michel,723441675
314,Chris,James,Brown,02/25/2012,Individual Contributor,609422398
315,Frank,M.,Martin,10/12/2017,Gabe Michel,265825139
316,Alan,T.,Martin,10/23/2006,Gabe Michel,436866370
317,Jake,M.,Martin,12/21/2007,Gabe Michel,944157040
318,Derek,E.,Smith,06/22/2012,Aaron Artsen,133306499
319,Hannah,Elizabeth,Smith,04/12/2018,Aaron Artsen,582623388
320,Jake,Elizabeth,White,01/19/2005,Tim Mint,474714305
321,George,M.,Smith,04/28/2006,Aaron Artsen,839570585
322,Alan,M.,Davis,08/12/2021,Tim Mint,474394367
323,Evelyn,Marie,Martin,06/12/2006,Bond Liver,285424398
324,Irene,Marie,Brown,01/22/2021,Individual Contributor,645456932
325,George,Thomas,Donald,03/20/2006,Gabe Michel,698692461
326,Derek,Marie,White,04/16/2010,Bond Liver,196046925
327,Bethany,James,White,04/19/2011,Aaron Artsen,794997864
328,Derek,T.,White,12/21/2013,Aaron Artsen,651627996
329,Irene,M.,Davis,03/26/2007,Tim Mint,497652240
330,Bethany,M.,Davis,09/06/2012,Gabe Michel,163040531
331,Evelyn,E.,Johnson,02/18/2010,Bond Liver,228846759
332,Alan,E.,Smith,04/12/2006,Gabe Michel,853277554
333,Derek,Elizabeth,Taylor,05/16/2005,Gabe Michel,455430692
334,Alan,T.,Donald,07/29/2015,Gabe Michel,742200656
335,Hannah,James,Davis,08/14/2011,Gabe Michel,492866487
336,George,J.,Smith,11/02/2016,Aaron Artsen,803421022
337,Alan,E.,Taylor,02/10/2008,Aaron Artsen,752214448
338,George,Marie,Martin,11/10/2014,Individual Contributor,579828190
339,George,Elizabeth,Taylor,10/10/2007,Aaron Artsen,203954222
340,Alan,E.,Donald,02/22/2017,Gabe Michel,705779382
341,Jake,Thomas,White,01/03/2009,Individual Contributor,505152067
342,Chris,E.,Martin,10/26/2015,Gabe Michel,466878795
343,Derek,Thomas,Brown,11/10/2021,Gabe Michel,301047649
344,Bethany,E.,Donald,05/15/2015,Tim Mint,697204665
345,Jake,James,White,09/02/2021,Bond Liver,655053748
346,Irene,T.,Taylor,03/18/2010,Individual Contributor,897158554
347,Frank,Thomas,Taylor,10/10/2017,Gabe Michel,805758646
348,Evelyn,Elizabeth,Smith,03/21/2009,Gabe Michel,595685373
349,Evelyn,E.,Donald,02/15/2008,Gabe Michel,165782986
350,George,Thomas,Donald,04/30/2016,Aaron Artsen,900967239
351,Frank,T.,Davis,08/04/2009,Bond Liver,486929509
352,Irene,James,Donald,12/25/2006,Bond Liver,148777570
353,Bethany,James,Smith,06/12/2007,Individual Contributor,404809716
354,Chris,T.,Taylor,11/13/2008,Bond Liver,440876047
355,Frank,Thomas,White,11/10/2007,Bond Liver,855711464
356,Evelyn,M.,Johnson,07/02/2013,Aaron Artsen,990879746
357,Chris,M.,Martin,01/14/2018,Individual Contributor,979317847
358,Bethany,Elizabeth,Davis,02/19/2015,Gabe Michel,770930753
359,Irene,Elizabeth,Davis,04/19/2009,Gabe Michel,715492962
360,Derek,J.,Johnson,06/04/2009,Tim Mint,673969188
361,Derek,E.,Smith,06/10/2013,Gabe Michel,276695532
362,Hannah,James,White,05/08/2024,Individual Contributor,503702060
363,Alan,James,Taylor,05/28/2017,Aaron Artsen,419607503
364,George,J.,Johnson,10/14/2023,Gabe Michel,607555870
365,Bethany,T.,Johnson,11/18/2013,Aaron Artsen,900555810
366,Derek,Thomas,White,01/22/2012,Gabe Michel,644891892
367,Hannah,T.,Johnson,07/07/2018,Gabe Michel,762868396
368,Evelyn,Elizabeth,Smith,10/27/2007,Individual Contributor,211211323
369,Evelyn,J.,Taylor,08/25/2008,Gabe Michel,506236687
370,Frank,J.,White,11/15/2016,Bond Liver,797955273
371,George,M.,White,07/10/2017,Bond Liver,437614381
372,Bethany,M.,Smith,10/22/2018,Gabe Michel,582207281
373,Chris,James,White,08/16/2016,Gabe Michel,351349566
374,Irene,Marie,White,05/02/2011,Tim Mint,160515747
375,Alan,E.,Smith,05/16/2015,Tim Mint,989607014
376,Hannah,T.,Martin,07/21/2011,Tim Mint,919069074
377,Evelyn,J.,Brown,07/31/2014,Bond Liver,681775185
378,Chris,T.,Martin,04/12/2013,Aaron Artsen,985965770
379,Derek,Elizabeth,Taylor,10/12/2020,Bond Liver,984338639
380,George,E.,Taylor,06/15/2019,Bond Liver,203636377
381,Alan,Elizabeth,Smith,10/17/2014,Individual Contributor,759845867
382,Bethany,J.,Smith,12/19/2014,Individual Contributor,229635339
383,George,Marie,Donald,05/13/2016,Individual Contributor,428389866
384,Jake,Thomas,Brown,07/18/2011,Gabe Michel,718088247
385,Irene,Thomas,Taylor,06/08/2009,Aaron Artsen,322333567
386,Derek,E.,Johnson,01/25/2021,Tim Mint,826511161
387,Jake,E.,Brown,03/04/2012,Individual Contributor,485041106
388,Alan,Marie,Martin,01/09/2018,Tim Mint,560845130
389,Hannah,E.,White,09/12/2006,Aaron Artsen,375244333
390,Jake,Thomas,Davis,04/14/2011,Gabe Michel,215774708
391,Chris,Thomas,Johnson,10/22/2017,Gabe Michel,531331939
392,Bethany,Thomas,Martin,08/25/2006,Individual Contributor,814409627
393,Alan,E.,Taylor,04/05/2024,Gabe Michel,420805391
394,George,Thomas,Donald,09/14/2013,Bond Liver,737425534
395,Chris,J.,Martin,03/20/2007,Individual Contributor,321634037
396,Hannah,E.,Donald,05/03/2019,Gabe Michel,233461175
397,Bethany,E.,Smith,01/22/2013,Gabe Michel,138897680
398,Derek,M.,White,05/24/2006,Aaron Artsen,707678691
399,Irene,Elizabeth,Johnson,05/23/2019,Gabe Michel,171633703
400,Chris,James,Donald,04/01/2005,Gabe Michel,820962789
401,Chris,Marie,Johnson,09/18/2015,Gabe Michel,204069177
402,Derek,Elizabeth,Johnson,01/28/2023,Bond Liver,323420176
403,George,J.,Donald,01/19/2022,Individual Contributor,835182233
404,Hannah,Elizabeth,Donald,08/07/2022,Individual Contributor,544623199
405,George,Thomas,Brown,06/08/2018,Individual Contributor,490725958
406,Bethany,T.,Smith,04/14/2012,Aaron Artsen,873756409
407,Bethany,Marie,Smith,04/03/2022,Tim Mint,818115755
408,George,Marie,Martin,09/26/2018,Individual Contributor,803609822
409,Jake,J.,Martin,02/01/2013,Bond Liver,964037063
410,Alan,J.,Smith,06/05/2019,Gabe Michel,856268112
411,Hannah,E.,Brown,05/13/2014,Tim Mint,487162102
412,Alan,Marie,White,12/08/2024,Individual Contributor,487294463
413,Hannah,Marie,Davis,07/06/2007,Gabe Michel,492701189
414,Irene,Marie,Johnson,03/07/2006,Aaron Artsen,586577714
415,Alan,M.,Donald,07/05/2011,Individual Contributor,598422669
416,Alan,T.,Donald,10/05/2015,Gabe Michel,411305773
417,Alan,Marie,Donald,05/27/2018,Gabe Michel,750934126
418,Jake,James,Smith,03/18/2022,Individual Contributor,872789294
419,Derek,M.,Smith,03/03/2022,Bond Liver,815102003
420,Irene,Elizabeth,Davis,12/20/2017,Aaron Artsen,383217703
421,Derek,James,Donald,05/07/2009,Tim Mint,383574881
422,Bethany,James,Brown,05/26/2015,Gabe Michel,619324197
423,Jake,Marie,Johnson,11/30/2024,Gabe Michel,849915212
424,Derek,Marie,Taylor,09/02/2010,Gabe Michel,307265218
425,George,Elizabeth,Taylor,04/17/2024,Gabe Michel,626665004
426,Bethany,Marie,Smith,03/16/2022,Individual Contributor,919571614
427,Derek,T.,Davis,04/25/2023,Bond Liver,100808372
428,Jake,J.,Martin,03/26/2020,Bond Liver,894216348
429,Frank,E.,Donald,01/20/2017,Aaron Artsen,853993608
430,Irene,E.,Brown,11/15/2024,Bond Liver,587378110
431,Jake,Elizabeth,Davis,10/10/2007,Aaron Artsen,522061570
432,Derek,E.,Donald,08/21/2015,Aaron Artsen,724448198
433,Hannah,Thomas,Martin,07/12/2020,Tim Mint,561019052
434,Evelyn,E.,Smith,04/11/2022,Gabe Michel,268077158
435,Hannah,Marie,Brown,04/14/2024,Gabe Michel,784462226
436,Irene,J.,Davis,06/07/2015,Gabe Michel,377797382
437,Bethany,Elizabeth,Taylor,04/25/2023,Tim Mint,921205224
438,Derek,James,Donald,12/08/2020,Gabe Michel,115290361
439,Derek,Elizabeth,Johnson,02/15/2010,Bond Liver,417609223
440,Derek,J.,Taylor,11/07/2018,Gabe Michel,491672604
441,Chris,Marie,Taylor,08/16/2006,Tim Mint,519470349
442,Hannah,James,Brown,02/26/2005,Aaron Artsen,326019460
443,Irene,E.,Smith,04/25/2019,Tim Mint,717130390
444,Hannah,Thomas,Smith,06/03/2016,Individual Contributor,274008672
445,Chris,Elizabeth,Davis,04/06/2018,Gabe Michel,956303879
446,Irene,T.,Donald,01/21/2015,Tim Mint,775248688
447,Alan,T.,Johnson,03/30/2024,Bond Liver,400752756
448,Bethany,T.,Donald,12/05/2019,Bond Liver,908499595
449,Hannah,Thomas,Brown,03/04/2008,Gabe Michel,357572510
450,Alan,Marie,Brown,03/08/2021,Aaron Artsen,402532724
451,Chris,T.,Donald,08/29/2009,Gabe Michel,286838052
452,Hannah,Thomas,Martin,11/11/2024,Gabe Michel,558618269
453,Alan,E.,Johnson,05/22/2020,Individual Contributor,145884201
454,Jake,J.,Brown,04/13/2008,Aaron Artsen,443512096
455,Chris,J.,Donald,02/26/2016,Aaron Artsen,197972063
456,Jake,Thomas,Johnson,09/23/2015,Bond Liver,976614881
457,Jake,M.,Johnson,01/06/2021,Bond Liver,765478000
458,Evelyn,T.,Martin,03/26/2018,Tim Mint,316028534
459,Hannah,M.,White,05/23/2011,Gabe Michel,665210077
460,Derek,T.,White,12/11/2021,Gabe Michel,125842529
461,Frank,Elizabeth,Taylor,06/27/2015,Individual Contributor,265399236
462,Evelyn,Thomas,Taylor,08/06/2011,Aaron Artsen,201060600
463,Frank,Elizabeth,Donald,10/26/2009,Bond Liver,503258689
464,Bethany,J.,Martin,02/20/2016,Gabe Michel,428951279
465,George,Elizabeth,Smith,05/12/2009,Bond Liver,478111841
466,Evelyn,J.,Johnson,08/21/2006,Tim Mint,243177268
467,Bethany,T.,White,11/26/2023,Tim Mint,579859400
468,Frank,James,Taylor,02/28/2019,Gabe Michel,254425092
469,Alan,E.,Johnson,01/28/2007,Individual Contributor,608416916
470,Irene,Elizabeth,Brown,04/12/2016,Individual Contributor,924228879
471,Derek,T.,Martin,12/03/2014,Gabe Michel,629770078
472,Hannah,M.,Brown,02/03/2015,Individual Contributor,397070419
473,Jake,James,Taylor,06/03/2006,Aaron Artsen,967967336
474,Jake,James,Brown,10/10/2009,Aaron Artsen,811961166
475,Frank,Thomas,White,08/21/2013,Gabe Michel,772475504
476,Frank,T.,Taylor,04/15/2024,Bond Liver,372869225
477,George,Elizabeth,Taylor,09/01/2011,Individual Contributor,824559914
478,Frank,James,Smith,03/01/2013,Gabe Michel,941552860
479,Hannah,Elizabeth,Martin,01/20/2006,Gabe Michel,784223189
480,Irene,J.,White,09/05/2024,Bond Liver,713008849
481,George,J.,Donald,04/27/2013,Individual Contributor,270189874
482,Derek,James,White,06/12/2018,Gabe Michel,308527831
483,Derek,Elizabeth,Davis,02/13/2022,Aaron Artsen,779908002
484,Hannah,Elizabeth,Taylor,08/31/2012,Individual Contributor,595082388
485,Hannah,Elizabeth,Taylor,05/31/2022,Gabe Michel,190996306
486,Irene,Thomas,Donald,06/17/2022,Gabe Michel,374109183
487,Frank,Elizabeth,Brown,07/16/2022,Bond Liver,345997952
488,Irene,Marie,Davis,08/29/2023,Tim Mint,614100953
489,Frank,Thomas,White,05/21/2024,Aaron Artsen,497707447
490,George,M.,Taylor,06/25/2007,Individual Contributor,608830907
491,Bethany,E.,Martin,09/15/2017,Individual Contributor,503115326
492,Alan,Thomas,Donald,08/20/2007,Bond Liver,524880924
493,Jake,Thomas,Johnson,08/21/2014,Bond Liver,125529248
494,Alan,M.,Johnson,01/13/2024,Tim Mint,252029700
495,Alan,E.,Smith,05/26/2006,Gabe Michel,678650144
496,Alan,Marie,White,09/30/2018,Gabe Michel,135255221
497,Jake,M.,Donald,08/03/2009,Bond Liver,559569577
498,Alan,M.,Martin,07/25/2011,Gabe Michel,588675287
499,Evelyn,M.,Taylor,03/10/2012,Tim Mint,143451202
500,George,Marie,Johnson,11/25/2012,Aaron Artsen,801598379
501,Chris,Elizabeth,Davis,09/16/2013,Aaron Artsen,956843125
502,George,Elizabeth,Taylor,12/13/2021,Gabe Michel,478545092
503,George,J.,White,05/16/2021,Aaron Artsen,207972015
504,Bethany,E.,Johnson,12/05/2021,Bond Liver,883019004
505,Alan,Thomas,Martin,05/12/2021,Gabe Michel,129630960
506,Alan,J.,Taylor,09/17/2021,Tim Mint,900142059
507,Bethany,J.,Donald,09/05/2005,Tim Mint,100657819
508,Jake,E.,Donald,02/23/2017,Aaron Artsen,310524508
509,George,Thomas,Martin,06/02/2012,Aaron Artsen,717376347
510,Irene,Thomas,Davis,08/29/2021,Individual Contributor,163844271
511,Jake,J.,Johnson,06/27/2021,Gabe Michel,793152245
512,Alan,J.,Brown,08/14/2017,Individual Contributor,550893902
513,Jake,E.,White,05/06/2006,Gabe Michel,957598156
514,Frank,E.,Davis,10/20/2010,Individual Contributor,212350717
515,Hannah,T.,Davis,09/30/2018,Aaron Artsen,546218278
516,Bethany,Marie,Brown,10/11/2007,Gabe Michel,857644000
517,Irene,Thomas,Martin,11/03/2011,Tim Mint,537241115
518,Derek,Elizabeth,Brown,03/24/2013,Gabe Michel,408908469
519,Jake,T.,Davis,10/01/2012,Gabe Michel,193929375
520,Bethany,Thomas,Brown,11/11/2016,Bond Liver,815307176
521,Jake,Thomas,Martin,10/18/2008,Bond Liver,197255666
522,Frank,T.,Brown,11/03/2017,Gabe Michel,151710539
523,Derek,Marie,Donald,06/10/2008,Aaron Artsen,146837710
524,Evelyn,Marie,Taylor,10/15/2014,Bond Liver,249035204
525,Chris,M.,Smith,08/17/2010,Gabe Michel,886143693
526,Hannah,Marie,White,12/16/2012,Gabe Michel,295078665
527,Bethany,M.,Johnson,12/19/2008,Bond Liver,685790316
528,George,Marie,Johnson,01/15/2023,Gabe Michel,613667677
529,Alan,James,White,09/15/2014,Gabe Michel,184194209
530,Bethany,E.,Taylor,01/15/2019,Individual Contributor,874921164
531,Jake,Thomas,Johnson,02/21/2010,Bond Liver,101285466
532,Chris,Marie,Johnson,11/11/2013,Aaron Artsen,512558566
533,Irene,J.,White,10/07/2022,Gabe Michel,216637054
534,Jake,James,Davis,08/30/2013,Bond Liver,670181922
535,Frank,James,Johnson,01/04/2013,Individual Contributor,880311407
536,Bethany,Thomas,Johnson,10/05/2014,Gabe Michel,546106974
537,George,J.,Johnson,11/05/2023,Gabe Michel,577553405
538,Jake,Elizabeth,White,02/12/2007,Bond Liver,818839408
539,Bethany,M.,Johnson,02/27/2007,Gabe Michel,441433111
540,Evelyn,J.,Davis,05/21/2018,Gabe Michel,610904911
541,Jake,M.,Brown,05/31/2014,Gabe Michel,195201078
542,Frank,James,Brown,08/30/2009,Individual Contributor,560433519
543,Derek,E.,Donald,07/27/2010,Gabe Michel,929343112
544,George,Marie,Davis,01/28/2015,Gabe Michel,583982794
545,George,E.,Taylor,01/02/2021,Aaron Artsen,413285776
546,Alan,M.,White,01/07/2024,Bond Liver,600291907
547,Derek,James,White,06/16/2016,Gabe Michel,296213468
548,Frank,James,Taylor,01/01/2010,Gabe Michel,470318960
549,Alan,James,Smith,11/28/2021,Aaron Artsen,598594133
550,Alan,M.,Johnson,06/06/2014,Gabe Michel,314213806
551,Chris,J.,Davis,04/19/2019,Individual Contributor,923358007
552,Chris,M.,Brown,09/10/2022,Tim Mint,593108030
553,Irene,Marie,Johnson,05/20/2010,Gabe Michel,265273619
554,Irene,E.,Johnson,05/06/2005,Gabe Michel,881855417
555,Bethany,Thomas,Davis,07/11/2017,Gabe Michel,447109166
556,Hannah,E.,Martin,05/12/2009,Gabe Michel,603960383
557,Alan,James,Johnson,12/22/2017,Tim Mint,575150212
558,Frank,E.,Taylor,01/17/2018,Aaron Artsen,716260186
559,Irene,M.,Smith,03/29/2011,Individual Contributor,902346890
560,Hannah,Elizabeth,Davis,07/30/2020,Tim Mint,533622596
561,Derek,James,Donald,07/09/2018,Individual Contributor,984501722
562,Evelyn,Thomas,Martin,10/17/2019,Individual Contributor,410215952
563,Derek,Marie,Donald,02/24/2024,Gabe Michel,255983493
564,Jake,Elizabeth,Johnson,08/17/2017,Bond Liver,775617654
565,Frank,Marie,Brown,08/20/2006,Individual Contributor,313783683
566,Alan,J.,White,03/11/2022,Gabe Michel,437475726
567,George,J.,Taylor,11/29/2008,Bond Liver,452149914
568,Irene,J.,Taylor,04/22/2011,Bond Liver,186747032
569,Alan,Thomas,White,01/23/2017,Aaron Artsen,830889511
570,Derek,E.,Martin,07/04/2010,Bond Liver,324596106
571,Hannah,Elizabeth,Donald,04/20/2019,Gabe Michel,969691250
572,George,Elizabeth,Brown,02/14/2005,Bond Liver,701004491
573,Chris,Thomas,Brown,06/18/2007,Individual Contributor,251332566
574,Hannah,Thomas,White,02/16/2018,Gabe Michel,327451502
575,Jake,Thomas,Johnson,04/25/2008,Gabe Michel,383612220
576,Hannah,Thomas,White,08/08/2016,Aaron Artsen,331799153
577,George,Elizabeth,Johnson,08/11/2016,Bond Liver,583523461
578,Frank,Elizabeth,Davis,06/22/2014,Gabe Michel,229242026
579,Jake,Thomas,Taylor,01/25/2006,Tim Mint,336674021
580,Derek,M.,Brown,05/24/2007,Gabe Michel,455686469
581,Derek,T.,Davis,07/23/2009,Bond Liver,637906175
582,Irene,E.,Martin,02/24/2014,Individual Contributor,903899610
583,Irene,T.,Taylor,03/18/2012,Bond Liver,675527504
584,Evelyn,James,Smith,12/22/2017,Tim Mint,844450267
585,Evelyn,Marie,Smith,10/09/2019,Tim Mint,765138019
586,Irene,James,Smith,11/08/2005,Tim Mint,835432857
587,Bethany,M.,Martin,02/19/2008,Gabe Michel,150614535
588,Irene,Marie,White,04/24/2006,Bond Liver,726726174
589,Bethany,T.,Taylor,12/23/2021,Gabe Michel,473856214
590,Derek,T.,Johnson,08/26/2010,Bond Liver,473540168
591,Jake,J.,Donald,01/11/2019,Tim Mint,102891837
592,George,James,Smith,12/03/2022,Tim Mint,114641502
593,Jake,Elizabeth,White,10/24/2018,Gabe Michel,828479252
594,Irene,Marie,Smith,07/25/2019,Tim Mint,632932435
595,Hannah,T.,White,08/18/2021,Bond Liver,594750067
596,Bethany,Elizabeth,Brown,03/20/2016,Bond Liver,358164432
597,Irene,M.,Taylor,04/30/2015,Aaron Artsen,455693864
598,Jake,James,Taylor,04/11/2017,Gabe Michel,779722197
599,Frank,Thomas,Donald,03/20/2022,Gabe Michel,158480985
600,Chris,Elizabeth,Martin,12/24/2022,Gabe Michel,686511648
601,Chris,Thomas,Donald,03/22/2010,Bond Liver,940269104
602,Derek,M.,Johnson,09/05/2017,Aaron Artsen,389210371
603,Bethany,M.,Martin,08/18/2013,Tim Mint,430171340
604,George,James,Donald,09/21/2013,Bond Liver,562601444
605,Derek,M.,Martin,04/03/2013,Gabe Michel,883392452
606,Derek,Thomas,Martin,09/11/2022,Gabe Michel,426533980
607,Jake,J.,Martin,09/07/2022,Gabe Michel,436898179
608,Alan,M.,Davis,05/31/2022,Gabe Michel,348692110
609,Evelyn,J.,Brown,06/21/2015,Tim Mint,320660473
610,Irene,Marie,Johnson,07/26/2011,Aaron Artsen,609951324
611,Irene,J.,White,04/25/2022,Tim Mint,640208317
612,George,James,Brown,07/12/2022,Gabe Michel,128619101
613,Alan,Elizabeth,Brown,05/07/2015,Individual Contributor,678326163
614,Bethany,Elizabeth,Smith,04/16/2006,Tim Mint,412709563
615,Jake,J.,Taylor,02/05/2014,Aaron Artsen,398102371
616,Jake,M.,Davis,04/11/2006,Bond Liver,285251071
617,Frank,J.,Martin,07/19/2015,Tim Mint,782650049
618,Jake,James,Brown,06/05/2005,Tim Mint,872275596
619,Alan,M.,Brown,01/28/2005,Bond Liver,624274931
620,Chris,T.,Taylor,10/05/2024,Gabe Michel,334799024
621,Chris,M.,Johnson,08/25/2009,Gabe Michel,120613449
622,Derek,Elizabeth,Johnson,08/04/2021,Gabe Michel,752856434
623,Chris,J.,Smith,01/05/2021,Bond Liver,166457372
624,Irene,James,Davis,10/19/2018,Aaron Artsen,169224464
625,Jake,James,White,11/23/2023,Bond Liver,298931446
626,Hannah,James,White,03/08/2014,Gabe Michel,344926190
627,Hannah,T.,White,06/12/2011,Tim Mint,638344857
628,Evelyn,T.,Davis,10/29/2006,Individual Contributor,226929474
629,George,T.,White,10/05/2020,Aaron Artsen,604564829
630,Irene,Marie,Davis,04/09/2008,Aaron Artsen,456503610
631,Derek,J.,Johnson,11/30/2018,Tim Mint,487972354
632,Derek,T.,Martin,10/13/2016,Aaron Artsen,377749827
633,Alan,Marie,White,04/06/2011,Bond Liver,785900164
634,Chris,J.,Smith,11/13/2015,Gabe Michel,537481752
635,Evelyn,J.,White,10/05/2015,Gabe Michel,436607849
636,Irene,M.,Smith,02/24/2024,Tim Mint,449299084
637,Chris,Thomas,Donald,07/22/2015,Gabe Michel,954369905
638,Derek,Thomas,Martin,03/09/2017,Aaron Artsen,783516014
639,George,E.,Johnson,06/25/2015,Individual Contributor,109800310
640,Irene,M.,Brown,12/24/2015,Bond Liver,846973874
641,Irene,Elizabeth,Smith,10/02/2009,Gabe Michel,769659273
642,Evelyn,E.,Donald,07/12/2013,Gabe Michel,168329854
643,Hannah,T.,Taylor,07/17/2024,Individual Contributor,368302021
644,Frank,E.,Taylor,07/03/2009,Tim Mint,445699741
645,George,Thomas,Martin,08/17/2017,Bond Liver,768014788
646,Frank,Elizabeth,Johnson,07/02/2022,Tim Mint,446548684
647,George,M.,Johnson,04/21/2024,Gabe Michel,654726202
648,Frank,James,Brown,10/22/2016,Tim Mint,209977986
649,Evelyn,E.,Johnson,11/29/2021,Bond Liver,327916007
650,Derek,J.,Donald,08/23/2013,Tim Mint,324492995
651,Chris,Thomas,Davis,04/26/2022,Tim Mint,693935532
652,George,James,Johnson,08/17/2005,Gabe Michel,305009149
653,Irene,Elizabeth,Martin,04/15/2022,Aaron Artsen,961140544
654,Jake,Elizabeth,Donald,03/19/2008,Bond Liver,408116803
655,Bethany,J.,Smith,12/06/2020,Gabe Michel,296468884
656,Frank,E.,Smith,05/26/2006,Gabe Michel,457550919
657,Hannah,E.,Donald,04/11/2024,Individual Contributor,606105048
658,Irene,T.,White,06/16/2005,Individual Contributor,329036316
659,Irene,James,Donald,06/09/2005,Gabe Michel,875556674
660,Chris,M.,Johnson,05/26/2019,Gabe Michel,307263245
661,George,J.,Johnson,12/29/2004,Gabe Michel,637155863
662,Derek,M.,Taylor,04/20/2024,Gabe Michel,198514806
663,Chris,J.,Taylor,04/06/2019,Tim Mint,931284964
664,Evelyn,Elizabeth,Brown,04/07/2014,Tim Mint,732192936
665,Irene,Elizabeth,Johnson,05/25/2007,Tim Mint,315973169
666,Jake,Elizabeth,Smith,11/08/2011,Gabe Michel,917497526
667,Evelyn,E.,Johnson,11/27/2014,Gabe Michel,561064378
668,Alan,Elizabeth,Taylor,01/23/2017,Gabe Michel,473100373
669,Irene,James,Martin,04/16/2014,Bond Liver,391295192
670,George,E.,Davis,11/15/2017,Gabe Michel,772385814
671,George,Marie,Smith,12/28/2013,Aaron Artsen,288022945
672,George,James,Donald,07/06/2015,Individual Contributor,465897945
673,Hannah,Thomas,Brown,09/06/2023,Bond Liver,112927079
674,Evelyn,J.,White,03/18/2009,Individual Contributor,607199326
675,Hannah,J.,Johnson,08/23/2012,Bond Liver,954539809
676,Jake,Thomas,White,05/12/2009,Individual Contributor,478550385
677,Hannah,E.,White,03/18/2005,Bond Liver,660308758
678,Bethany,Thomas,White,12/19/2020,Individual Contributor,168046343
679,Alan,Elizabeth,Taylor,12/17/2005,Individual Contributor,688676093
680,George,James,Brown,12/21/2010,Aaron Artsen,366939730
681,Hannah,Marie,Smith,06/30/2014,Individual Contributor,451115981
682,Jake,E.,Martin,08/22/2007,Aaron Artsen,565038172
683,Frank,James,Martin,01/19/2023,Gabe Michel,675996084
684,Jake,M.,Davis,03/28/2024,Aaron Artsen,397280095
685,Derek,James,Johnson,04/08/2009,Tim Mint,790130760
686,Derek,T.,White,08/07/2013,Gabe Michel,197097458
687,Derek,M.,Taylor,05/30/2009,Individual Contributor,158258210
688,Chris,Marie,White,07/03/2020,Aaron Artsen,572121435
689,Bethany,James,White,08/03/2016,Aaron Artsen,917296583
690,Jake,M.,Davis,10/14/2018,Gabe Michel,742742038
691,Chris,E.,Davis,04/29/2020,Individual Contributor,249064852
692,Derek,M.,Martin,10/03/2017,Bond Liver,649624211
693,Bethany,T.,Brown,09/17/2016,Gabe Michel,798704367
694,Evelyn,Thomas,Johnson,02/22/2022,Gabe Michel,619279679
695,Frank,E.,Johnson,02/10/2008,Individual Contributor,421132230
696,Jake,Elizabeth,Johnson,01/10/2019,Gabe Michel,196698753
697,Irene,Elizabeth,Johnson,08/28/2005,Individual Contributor,785824235
698,Chris,Marie,Martin,06/12/2018,Individual Contributor,489559658
699,Alan,E.,Davis,09/16/2022,Tim Mint,167327882
700,Irene,Elizabeth,Donald,06/20/2015,Tim Mint,725446712
701,George,Marie,Johnson,11/05/2008,Tim Mint,958909350
702,George,T.,White,10/19/2010,Individual Contributor,311706611
703,Bethany,M.,Brown,03/11/2013,Gabe Michel,301727095
704,Bethany,Marie,Smith,01/26/2012,Individual Contributor,908739763
705,Irene,Marie,Taylor,03/03/2013,Aaron Artsen,240402073
706,Derek,M.,Brown,02/10/2019,Gabe Michel,721580099
707,George,E.,Smith,11/25/2006,Individual Contributor,231017894
708,George,J.,Taylor,11/21/2010,Gabe Michel,633662112
709,Alan,M.,Donald,08/20/2009,Gabe Michel,169330413
710,Jake,Marie,Davis,04/09/2022,Aaron Artsen,173267337
711,George,T.,Martin,06/17/2017,Tim Mint,514954731
712,Hannah,Thomas,Taylor,02/09/2019,Aaron Artsen,439547431
713,Derek,E.,Smith,03/15/2010,Tim Mint,914664372
714,Jake,E.,Taylor,06/04/2011,Aaron Artsen,722660306
715,Alan,J.,Martin,05/02/2012,Gabe Michel,411927084
716,Derek,E.,Johnson,07/31/2010,Aaron Artsen,608706848
717,George,James,Martin,04/13/2008,Aaron Artsen,211304012
718,Derek,E.,Donald,07/05/2010,Bond Liver,562835479
719,Alan,T.,Donald,11/14/2007,Aaron Artsen,460739485
720,Derek,T.,Taylor,05/19/2020,Gabe Michel,906924011
721,George,M.,Taylor,11/29/2009,Bond Liver,215331313
722,Hannah,Thomas,White,03/06/2021,Aaron Artsen,317300046
723,Irene,M.,Brown,05/18/2010,Tim Mint,721540606
724,Derek,M.,Davis,12/30/2023,Gabe Michel,462412840
725,Jake,Marie,Brown,04/23/2023,Aaron Artsen,483187117
726,Derek,Elizabeth,Donald,09/20/2017,Gabe Michel,711859525
727,Hannah,Thomas,Davis,11/17/2014,Tim Mint,852758390
728,Bethany,T.,Brown,07/17/2021,Aaron Artsen,915267113
729,Frank,M.,Martin,09/19/2013,Aaron Artsen,668473740
730,Frank,T.,Brown,07/03/2012,Gabe Michel,746230172
731,Irene,Elizabeth,White,03/02/2011,Aaron Artsen,180862324
732,Chris,Elizabeth,White,06/17/2019,Gabe Michel,414736926
733,Evelyn,Thomas,Johnson,04/19/2010,Gabe Michel,716273833
734,Derek,E.,White,12/22/2006,Bond Liver,362466764
735,Frank,E.,Brown,05/26/2019,Aaron Artsen,125400274
736,Chris,Elizabeth,Brown,11/19/2008,Bond Liver,927681746
737,Derek,James,Johnson,03/09/2015,Aaron Artsen,160116471
738,George,J.,Smith,03/31/2018,Gabe Michel,222622621
739,Frank,Thomas,Donald,02/03/2009,Tim Mint,688872408
740,Jake,Thomas,Brown,12/20/2024,Gabe Michel,715300740
741,Hannah,E.,Taylor,03/30/2021,Gabe Michel,930482531
742,Irene,Marie,Donald,01/19/2012,Gabe Michel,112837327
743,Jake,Marie,Martin,12/07/2018,Gabe Michel,682464863
744,Chris,Elizabeth,Smith,03/19/2024,Bond Liver,139090005
745,George,M.,Donald,08/19/2009,Bond Liver,764762551
746,Irene,Elizabeth,Johnson,02/29/2008,Aaron Artsen,508090599
747,Hannah,James,Smith,12/07/2013,Gabe Michel,485774238
748,Frank,J.,Smith,06/22/2017,Tim Mint,948259597
749,Bethany,Elizabeth,Smith,12/09/2007,Aaron Artsen,185671884
750,Alan,Thomas,Johnson,04/18/2015,Gabe Michel,584762524
751,Hannah,James,White,07/16/2009,Tim Mint,593137148
752,Alan,Marie,Taylor,04/18/2017,Bond Liver,801735049
753,Evelyn,M.,Davis,04/22/2015,Gabe Michel,974000698
754,Irene,T.,Smith,05/31/2021,Gabe Michel,463809701
755,Hannah,Thomas,Johnson,07/04/2012,Aaron Artsen,765841967
756,Irene,J.,Taylor,10/10/2006,Bond Liver,154334917
757,Chris,Elizabeth,Donald,05/18/2015,Aaron Artsen,531907018
758,Chris,Thomas,Davis,01/09/2008,Tim Mint,961400968
759,George,James,Martin,12/09/2023,Aaron Artsen,552490627
760,George,M.,Martin,02/09/2006,Gabe Michel,381589512
761,Jake,James,Martin,03/08/2020,Tim Mint,269247977
762,Hannah,James,Donald,11/10/2010,Gabe Michel,783631045
763,Jake,T.,White,03/26/2006,Individual Contributor,265630443
764,Frank,M.,Brown,10/24/2010,Tim Mint,790256294
765,George,Marie,Martin,09/28/2023,Tim Mint,471611579
766,Bethany,M.,Taylor,12/30/2011,Gabe Michel,499975081
767,Hannah,Thomas,Brown,09/11/2024,Aaron Artsen,431414741
768,Alan,Marie,Smith,02/11/2012,Gabe Michel,909655762
769,Jake,Thomas,Taylor,09/28/2018,Bond Liver,578861788
770,Alan,M.,Brown,04/01/2022,Individual Contributor,133522416
771,Frank,T.,White,10/26/2022,Bond Liver,174845248
772,Derek,E.,Johnson,03/10/2010,Gabe Michel,836242012
773,Bethany,E.,White,04/15/2018,Bond Liver,922292652
774,Irene,T.,Davis,11/28/2005,Individual Contributor,452080343
775,Jake,T.,Donald,07/15/2005,Tim Mint,267107853
776,Chris,Thomas,White,11/18/2018,Gabe Michel,912000533
777,George,E.,Martin,04/25/2006,Bond Liver,399042994
778,Irene,Marie,Smith,12/23/2006,Aaron Artsen,814415898
779,Evelyn,Marie,White,09/23/2005,Gabe Michel,964950800
780,Alan,E.,Taylor,02/01/2019,Aaron Artsen,331704323
781,Jake,T.,Martin,03/01/2017,Gabe Michel,520567253
782,Evelyn,Thomas,Davis,11/16/2024,Individual Contributor,929016194
783,George,James,Martin,11/28/2005,Gabe Michel,568693968
784,Bethany,J.,Johnson,07/08/2008,Individual Contributor,296371143
785,Irene,M.,Martin,05/25/2008,Gabe Michel,897898665
786,Alan,M.,White,08/12/2013,Gabe Michel,665082363
787,Jake,T.,Smith,12/20/2005,Individual Contributor,856941969
788,Frank,T.,Johnson,01/19/2014,Gabe Michel,976940511
789,Evelyn,Marie,Donald,11/26/2010,Gabe Michel,657920875
790,Chris,J.,Taylor,04/08/2024,Gabe Michel,480123980
791,Bethany,Thomas,Johnson,06/23/2019,Individual Contributor,152945617
792,Alan,E.,Taylor,08/08/2021,Tim Mint,641938132
793,Frank,J.,Taylor,07/08/2014,Aaron Artsen,522790133
794,Hannah,M.,Brown,11/15/2018,Individual Contributor,479278041
795,Derek,E.,Donald,03/18/2013,Individual Contributor,577077261
796,George,M.,Brown,06/26/2017,Tim Mint,232499393
797,Chris,E.,White,10/22/2013,Gabe Michel,908444840
798,Jake,Thomas,Brown,09/25/2019,Gabe Michel,867406684
799,Alan,Thomas,Brown,03/31/2012,Aaron Artsen,682509043
800,Chris,J.,Johnson,10/26/2014,Bond Liver,418174935
801,Frank,Marie,Johnson,09/08/2023,Gabe Michel,538384048
802,Derek,E.,Johnson,08/21/2024,Tim Mint,985461242
803,Irene,T.,Taylor,07/13/2020,Gabe Michel,270850580
804,Jake,Marie,Brown,02/18/2015,Tim Mint,490017722
805,Bethany,Marie,Donald,09/28/2018,Tim Mint,639106186
806,Hannah,Thomas,Martin,08/27/2011,Gabe Michel,606716356
807,Derek,Thomas,Donald,06/29/2010,Gabe Michel,879672769
808,Evelyn,M.,White,02/01/2023,Bond Liver,904335994
809,Evelyn,J.,Davis,01/18/2011,Individual Contributor,549192566
810,Bethany,E.,White,06/26/2005,Individual Contributor,554858231
811,Hannah,E.,Johnson,12/28/2005,Bond Liver,829416776
812,Chris,T.,Taylor,03/13/2008,Tim Mint,696073259
813,Evelyn,Elizabeth,White,04/07/2009,Aaron Artsen,652208475
814,Frank,Thomas,Donald,05/15/2009,Gabe Michel,561143187
815,Irene,J.,Taylor,12/17/2006,Bond Liver,542290861
816,Irene,J.,Taylor,09/07/2005,Individual Contributor,775235965
817,Hannah,M.,White,04/11/2006,Aaron Artsen,400244305
818,Alan,M.,Davis,09/18/2010,Individual Contributor,579379412
819,Alan,E.,White,12/08/2021,Aaron Artsen,735543343
820,George,J.,Johnson,06/20/2013,Gabe Michel,661984182
821,Irene,Thomas,Donald,08/14/2021,Gabe Michel,481999809
822,Frank,Elizabeth,Taylor,05/28/2019,Bond Liver,263049778
823,Frank,E.,Johnson,11/28/2020,Gabe Michel,161195114
824,Jake,E.,Davis,10/15/2016,Gabe Michel,218773572
825,Irene,J.,White,12/04/2015,Individual Contributor,542533395
826,Jake,M.,Davis,12/20/2005,Bond Liver,314130712
827,Chris,Marie,Donald,02/16/2008,Aaron Artsen,180535868
828,Alan,T.,Martin,02/06/2014,Aaron Artsen,139005537
829,Irene,Elizabeth,Davis,01/02/2015,Gabe Michel,696543026
830,Chris,Marie,White,04/06/2005,Tim Mint,656256604
831,George,James,Martin,03/06/2019,Bond Liver,928673468
832,Derek,M.,Brown,11/29/2010,Individual Contributor,273150342
833,Chris,Elizabeth,Martin,07/09/2008,Aaron Artsen,416508571
834,George,T.,Brown,05/05/2012,Tim Mint,217518765
835,Frank,Marie,Taylor,05/20/2014,Individual Contributor,265061690
836,George,M.,White,09/26/2021,Bond Liver,565981229
837,Bethany,James,Johnson,07/04/2010,Gabe Michel,410058055
838,Evelyn,Elizabeth,Brown,02/10/2020,Gabe Michel,496275270
839,Hannah,Thomas,Taylor,01/14/2012,Gabe Michel,176715329
840,Evelyn,T.,Brown,03/26/2018,Gabe Michel,796596508
841,Evelyn,T.,Johnson,12/27/2005,Bond Liver,644490851
842,Bethany,J.,Donald,12/29/2009,Aaron Artsen,835745441
843,Bethany,J.,Martin,05/24/2007,Gabe Michel,303920601
844,Frank,J.,Taylor,12/26/2009,Gabe Michel,192014513
845,Bethany,J.,Taylor,12/04/2016,Aaron Artsen,216589858
846,Chris,James,Donald,04/09/2014,Aaron Artsen,491263867
847,Chris,J.,Taylor,01/12/2012,Gabe Michel,492614743
848,Chris,M.,Johnson,09/12/2017,Individual Contributor,721393992
849,Jake,Thomas,Taylor,09/11/2023,Aaron Artsen,845281725
850,Derek,Elizabeth,Johnson,06/20/2022,Gabe Michel,728386249
851,Alan,M.,Martin,03/12/2024,Individual Contributor,555844453
852,Frank,M.,White,07/21/2007,Gabe Michel,763143527
853,Evelyn,M.,White,12/21/2005,Individual Contributor,409171043
854,Chris,T.,Davis,10/01/2023,Bond Liver,152846480
855,Frank,J.,Donald,10/17/2010,Individual Contributor,754402815
856,Frank,Elizabeth,Davis,02/01/2021,Bond Liver,526602261
857,Irene,T.,Donald,12/09/2014,Bond Liver,186120102
858,George,Marie,Johnson,06/12/2017,Bond Liver,229560533
859,Hannah,E.,Davis,12/01/2014,Gabe Michel,372781450
860,Derek,E.,Davis,04/07/2012,Bond Liver,332221776
861,Alan,Thomas,Smith,09/03/2014,Bond Liver,542549038
862,Hannah,T.,White,11/16/2022,Bond Liver,706108940
863,Evelyn,J.,Donald,03/22/2007,Gabe Michel,650956871
864,Irene,Elizabeth,Taylor,09/23/2024,Bond Liver,268451531
865,Jake,M.,Johnson,10/24/2023,Gabe Michel,910302965
866,Frank,James,White,04/05/2008,Aaron Artsen,550868798
867,Chris,Elizabeth,Davis,10/02/2016,Aaron Artsen,663761630
868,Hannah,Marie,Taylor,04/19/2006,Bond Liver,840158987
869,Derek,Elizabeth,Brown,04/01/2017,Gabe Michel,684330183
870,Derek,E.,Davis,03/03/2014,Gabe Michel,951238580
871,George,James,Smith,09/09/2017,Aaron Artsen,101138458
872,Frank,Marie,Brown,05/16/2024,Aaron Artsen,864331425
873,Chris,E.,Taylor,04/27/2015,Tim Mint,625054415
874,Jake,M.,Taylor,12/06/2018,Gabe Michel,302523401
875,Irene,James,Taylor,03/21/2017,Gabe Michel,772811032
876,Derek,J.,Brown,03/23/2005,Individual Contributor,983630044
877,Irene,James,Taylor,03/25/2020,Tim Mint,334541766
878,Derek,James,Davis,01/09/2010,Gabe Michel,688289624
879,Derek,T.,Taylor,02/19/2023,Gabe Michel,529761521
880,Chris,M.,Martin,12/19/2022,Gabe Michel,414239375
881,George,J.,Davis,06/09/2011,Tim Mint,187451426
882,Jake,James,Johnson,09/25/2014,Tim Mint,700367833
883,Jake,Marie,Johnson,07/04/2018,Individual Contributor,763591476
884,Jake,Elizabeth,Donald,07/19/2023,Aaron Artsen,472535884
885,Irene,Thomas,Martin,04/02/2016,Individual Contributor,917641286
886,Frank,Marie,Martin,02/25/2024,Individual Contributor,991274124
887,Frank,E.,Johnson,10/15/2009,Gabe Michel,155966332
888,Hannah,J.,White,10/20/2023,Tim Mint,407598578
889,Derek,T.,Smith,01/25/2020,Individual Contributor,183384910
890,George,E.,Donald,10/22/2005,Gabe Michel,425691213
891,Evelyn,Elizabeth,Donald,11/15/2020,Bond Liver,578383148
892,George,Thomas,Brown,12/26/2008,Individual Contributor,759723799
893,Irene,M.,Smith,08/10/2017,Tim Mint,344086811
894,Derek,Marie,Smith,07/01/2009,Gabe Michel,157451724
895,George,M.,Taylor,04/27/2012,Tim Mint,767692048
896,Bethany,T.,Taylor,05/29/2022,Tim Mint,887498164
897,Hannah,M.,Donald,03/13/2024,Gabe Michel,917556858
898,Bethany,J.,Johnson,12/28/2009,Bond Liver,702155019
899,Evelyn,T.,Davis,09/23/2017,Bond Liver,728527759
900,Jake,M.,Johnson,11/28/2007,Gabe Michel,476568277
901,Frank,M.,Smith,09/25/2015,Gabe Michel,721562944
902,Jake,Thomas,Smith,10/25/2011,Individual Contributor,972163033
903,Irene,E.,Martin,11/19/2008,Aaron Artsen,846628559
904,Bethany,Marie,Brown,09/22/2005,Individual Contributor,247215721
905,George,Thomas,Johnson,06/27/2020,Gabe Michel,799631836
906,Chris,Elizabeth,Johnson,07/12/2024,Gabe Michel,437145661
907,Alan,Thomas,Davis,12/09/2008,Aaron Artsen,201098253
908,Jake,Marie,Davis,06/06/2016,Gabe Michel,321351413
909,Alan,J.,Donald,11/11/2013,Gabe Michel,461733765
910,Alan,E.,Davis,11/25/2016,Individual Contributor,860092592
911,Chris,J.,Johnson,01/16/2012,Tim Mint,670818494
912,Chris,James,Donald,02/22/2008,Tim Mint,555758321
913,Bethany,T.,Johnson,01/16/2021,Tim Mint,518056943
914,Jake,J.,Johnson,12/18/2005,Gabe Michel,440804888
915,George,Thomas,Taylor,06/05/2009,Tim Mint,418531644
916,Bethany,J.,Davis,11/15/2024,Gabe Michel,296048738
917,Irene,James,White,09/28/2008,Individual Contributor,946709588
918,Hannah,Thomas,White,05/27/2024,Bond Liver,295405157
919,Chris,Thomas,Johnson,07/29/2020,Tim Mint,393178309
920,Evelyn,James,Donald,08/20/2008,Gabe Michel,149445450
921,Alan,J.,Brown,03/12/2019,Bond Liver,547872933
922,Derek,M.,Martin,06/19/2011,Aaron Artsen,511457247
923,Chris,M.,Johnson,02/11/2020,Tim Mint,334276222
924,Jake,Thomas,Brown,05/14/2024,Gabe Michel,280183346
925,George,J.,Taylor,10/28/2011,Gabe Michel,510378916
926,Derek,James,Johnson,07/07/2017,Aaron Artsen,444089918
927,Derek,Elizabeth,Davis,06/27/2006,Bond Liver,898694607
928,Hannah,Thomas,White,08/20/2008,Aaron Artsen,707759218
929,George,Thomas,Davis,09/30/2018,Individual Contributor,547528724
930,Jake,Marie,Johnson,01/31/2016,Tim Mint,625858285
931,Evelyn,E.,Martin,08/06/2005,Aaron Artsen,132191380
932,George,Thomas,Martin,11/01/2008,Tim Mint,950344682
933,Derek,James,Donald,06/03/2013,Gabe Michel,593283817
934,Bethany,T.,White,09/06/2011,Bond Liver,847890523
935,Evelyn,Marie,White,05/01/2023,Gabe Michel,241042478
936,Evelyn,J.,Davis,05/29/2013,Gabe Michel,719506222
937,Frank,T.,Donald,06/10/2011,Aaron Artsen,806927089
938,Alan,T.,Brown,10/18/2007,Gabe Michel,708318954
939,Jake,Marie,Johnson,07/25/2010,Gabe Michel,991393658
940,Chris,Elizabeth,Donald,03/06/2011,Tim Mint,631357291
941,Bethany,James,Smith,03/17/2011,Tim Mint,465498255
942,Chris,Marie,Davis,08/13/2016,Gabe Michel,952833128
943,Evelyn,T.,White,09/16/2023,Aaron Artsen,991148835
944,Bethany,T.,Brown,01/02/2016,Gabe Michel,427355749
945,Chris,Thomas,Brown,12/20/2009,Bond Liver,332548546
946,Jake,E.,White,07/14/2016,Gabe Michel,439063610
947,Alan,E.,Davis,11/16/2015,Bond Liver,620285120
948,Jake,Thomas,Smith,01/28/2017,Aaron Artsen,707736236
949,Hannah,Thomas,Martin,07/29/2012,Bond Liver,919224738
950,Irene,Elizabeth,Martin,07/19/2013,Gabe Michel,767220739
951,Derek,James,Davis,05/25/2021,Bond Liver,519301274
952,Jake,James,Smith,11/10/2015,Bond Liver,414588716
953,Jake,M.,White,05/25/2020,Aaron Artsen,728730642
954,Hannah,Elizabeth,White,07/03/2011,Gabe Michel,961873505
955,Hannah,E.,Davis,09/15/2008,Gabe Michel,981772644
956,George,Elizabeth,Brown,10/28/2010,Gabe Michel,938314160
957,George,J.,Martin,12/30/2005,Gabe Michel,736665557
958,Evelyn,James,Brown,01/04/2024,Bond Liver,869362269
959,Derek,J.,Brown,06/02/2019,Aaron Artsen,638644262
960,Derek,Marie,White,09/22/2023,Individual Contributor,541005377
961,Irene,Thomas,Brown,12/09/2023,Individual Contributor,953327914
962,Irene,Marie,Donald,03/22/2012,Individual Contributor,909882425
963,Alan,E.,Donald,12/11/2024,Tim Mint,314924653
964,Irene,Thomas,Donald,12/23/2014,Tim Mint,113509188
965,Bethany,Thomas,Martin,05/08/2012,Aaron Artsen,972325321
966,Alan,J.,Martin,07/13/2006,Gabe Michel,477517739
967,George,T.,White,06/15/2011,Bond Liver,570092135
968,Chris,E.,Martin,10/16/2024,Bond Liver,255497586
969,Frank,Marie,Donald,09/08/2010,Gabe Michel,737201104
970,Alan,James,Taylor,01/12/2006,Individual Contributor,246529178
971,George,James,Johnson,05/18/2012,Gabe Michel,755260419
972,Alan,E.,Donald,01/14/2019,Aaron Artsen,302963810
973,Evelyn,Marie,Taylor,05/15/2007,Tim Mint,371221143
974,Irene,J.,Davis,03/30/2014,Tim Mint,683387471
975,Bethany,Elizabeth,White,01/11/2009,Aaron Artsen,581936009
976,Alan,Marie,Johnson,08/26/2020,Gabe Michel,266892383
977,Derek,M.,Davis,02/21/2023,Tim Mint,616963301
978,Irene,Elizabeth,Taylor,09/17/2013,Bond Liver,675202465
979,Jake,Thomas,Smith,08/05/2015,Tim Mint,174740647
980,Alan,J.,White,11/27/2020,Gabe Michel,910518732
981,Evelyn,E.,Johnson,02/07/2013,Bond Liver,530973199
982,Evelyn,J.,Taylor,02/23/2014,Gabe Michel,139118155
983,Jake,E.,Smith,08/17/2020,Tim Mint,497199362
984,Hannah,T.,Brown,11/26/2017,Bond Liver,822320758
985,Derek,T.,Donald,10/26/2014,Individual Contributor,637191345
986,Evelyn,Elizabeth,Davis,09/16/2007,Individual Contributor,349971254
987,Derek,Thomas,Smith,05/25/2009,Bond Liver,454858706
988,Bethany,T.,White,08/28/2021,Individual Contributor,516602268
989,George,E.,Smith,05/13/2020,Gabe Michel,123918968
990,Jake,James,Taylor,06/23/2013,Gabe Michel,205973831
991,Hannah,James,Smith,01/01/2023,Aaron Artsen,321328601
992,Hannah,J.,Taylor,08/22/2005,Bond Liver,687495412
993,Bethany,James,Taylor,11/16/2007,Aaron Artsen,492910659
994,Hannah,E.,Martin,07/07/2021,Gabe Michel,891086396
995,Evelyn,Thomas,Taylor,10/27/2007,Aaron Artsen,764728119
996,Irene,Elizabeth,Martin,05/21/2009,Gabe Michel,283714204
997,Jake,T.,Brown,01/16/2018,Tim Mint,726411576
998,Derek,James,Johnson,11/11/2011,Aaron Artsen,894014295
999,Alan,Marie,Donald,04/11/2008,Bond Liver,366669948
1000,Jake,J.,Smith,10/30/2012,Gabe Michel,280963482
